{"2024-10":[{"title":"静态分析工具SpotBugs的使用","date":"2024-10-19T12:50:28.000Z","link":"/2024/10/19/静态分析工具SpotBugs的使用/"},{"title":"Vue2初始化工程","date":"2024-10-19T13:41:18.000Z","link":"/2024/10/19/Vue2初始化工程/"},{"title":"Vue3初始化工程","date":"2024-10-19T16:14:58.000Z","link":"/2024/10/20/Vue3初始化工程/"},{"title":"Idea配置Gradle初始化项目","date":"2024-10-20T06:01:41.000Z","link":"/2024/10/20/idea配置gradle初始化项目/"}],"2024-11":[{"title":"Vue3","date":"2024-11-06T15:04:47.000Z","link":"/2024/11/06/Vue3/"},{"title":"SpringBoot3(一)","date":"2024-11-12T06:43:01.000Z","link":"/2024/11/12/SpringBoot3(一)/"},{"title":"Git","date":"2024-11-22T14:46:39.000Z","link":"/2024/11/22/Git/"},{"title":"Redis","date":"2024-11-23T16:23:24.000Z","link":"/2024/11/24/Redis/"},{"title":"SpringBoot3(二)","date":"2024-11-25T13:50:46.000Z","link":"/2024/11/25/SpringBoot3(二)/"},{"title":"MyBatisPlus","date":"2024-11-26T15:28:30.000Z","link":"/2024/11/26/MyBatisPlus/"}],"2024-12":[{"title":"Docker","date":"2024-12-14T13:05:44.000Z","link":"/2024/12/14/docker/"},{"title":"SpringCloud(一)","date":"2024-12-14T13:06:14.000Z","link":"/2024/12/14/SpringCloud(一)/"},{"title":"RabbitMQ(一)","date":"2024-12-22T17:02:42.000Z","link":"/2024/12/23/RabbitMQ(一)/"},{"title":"RabbitMQ(二)","date":"2024-12-22T17:02:42.000Z","link":"/2024/12/23/RabbitMQ(二)/"},{"title":"Elasticsearch(一)","date":"2024-12-24T16:15:39.000Z","link":"/2024/12/25/Elasticsearch(一)/"},{"title":"Elasticsearch(二)","date":"2024-12-24T16:15:39.000Z","link":"/2024/12/25/Elasticsearch(二)/"},{"title":"SpringCloud(二)","date":"2024-12-25T10:33:43.000Z","link":"/2024/12/25/SpringCloud(二)/"},{"title":"MinIO","date":"2024-12-28T09:58:18.000Z","link":"/2024/12/28/MinIO/"}],"2025-2":[{"title":"ngnix学习笔记","date":"2025-02-20T03:47:55.000Z","link":"/2025/02/20/ngnix学习笔记/"},{"title":"SpringSecurity认证授权","date":"2025-02-20T03:49:05.000Z","link":"/2025/02/20/SpringSecurity认证授权/"}]}